title,author,goodreads_url
Where the Wild Things Are,Maurice Sendak,https://www.goodreads.com/book/show/19543.Where_the_Wild_Things_Are
The Very Hungry Caterpillar,Eric Carle,https://www.goodreads.com/book/show/4948.The_Very_Hungry_Caterpillar
The Giving Tree,Shel Silverstein,https://www.goodreads.com/book/show/370493.The_Giving_Tree
Green Eggs and Ham,Dr. Seuss,https://www.goodreads.com/book/show/23772.Green_Eggs_and_Ham
Goodnight Moon,Margaret Wise Brown,https://www.goodreads.com/book/show/32929.Goodnight_Moon
Charlotte’s Web,E.B. White,https://www.goodreads.com/book/show/24178.Charlotte_s_Web
"The Cat in the Hat (Cat in the Hat, #1)",Dr. Seuss,https://www.goodreads.com/book/show/233093.The_Cat_in_the_Hat
Where the Sidewalk Ends,Shel Silverstein,https://www.goodreads.com/book/show/30119.Where_the_Sidewalk_Ends
If You Give a Mouse a Cookie,Laura Joffe Numeroff,https://www.goodreads.com/book/show/767680.If_You_Give_a_Mouse_a_Cookie
Love You Forever,Robert Munsch,https://www.goodreads.com/book/show/310259.Love_You_Forever
Corduroy,Don Freeman,https://www.goodreads.com/book/show/231850.Corduroy
The Lorax,Dr. Seuss,https://www.goodreads.com/book/show/7784.The_Lorax
Madeline,Ludwig Bemelmans,https://www.goodreads.com/book/show/475339.Madeline
"Harry Potter and the Sorcerer's Stone (Harry Potter, #1)",J.K. Rowling,https://www.goodreads.com/book/show/3.Harry_Potter_and_the_Sorcerer_s_Stone
The Velveteen Rabbit,Margery Williams Bianco,https://www.goodreads.com/book/show/144974.The_Velveteen_Rabbit
How the Grinch Stole Christmas!,Dr. Seuss,https://www.goodreads.com/book/show/113946.How_the_Grinch_Stole_Christmas_
The Monster at the End of this Book,Jon Stone,https://www.goodreads.com/book/show/44186.The_Monster_at_the_End_of_this_Book
Curious George,H.A. Rey,https://www.goodreads.com/book/show/420297.Curious_George
Chicka Chicka Boom Boom,Bill Martin Jr.,https://www.goodreads.com/book/show/293595.Chicka_Chicka_Boom_Boom
The Little Prince,Antoine de Saint-Exupéry,https://www.goodreads.com/book/show/157993.The_Little_Prince
"One Fish, Two Fish, Red Fish, Blue Fish",Dr. Seuss,https://www.goodreads.com/book/show/7770.One_Fish_Two_Fish_Red_Fish_Blue_Fish
"Brown Bear, Brown Bear, What Do You See?",Bill Martin Jr.,https://www.goodreads.com/book/show/759611.Brown_Bear_Brown_Bear_What_Do_You_See_
"Alexander and the Terrible, Horrible, No Good, Very Bad Day",Judith Viorst,https://www.goodreads.com/book/show/46677.Alexander_and_the_Terrible_Horrible_No_Good_Very_Bad_Day
Matilda,Roald Dahl,https://www.goodreads.com/book/show/39988.Matilda
"Harold and the Purple Crayon (Harold, #1)",Crockett Johnson,https://www.goodreads.com/book/show/98573.Harold_and_the_Purple_Crayon
"The Tale of Peter Rabbit (World of Beatrix Potter, #1)",Beatrix Potter,https://www.goodreads.com/book/show/19321.The_Tale_of_Peter_Rabbit
Are You My Mother?,P.D. Eastman,https://www.goodreads.com/book/show/197084.Are_You_My_Mother_
"Oh, the Places You’ll Go!",Dr. Seuss,https://www.goodreads.com/book/show/191139.Oh_the_Places_You_ll_Go_
"Frog and Toad Are Friends (Frog and Toad, #1)",Arnold Lobel,https://www.goodreads.com/book/show/537296.Frog_and_Toad_Are_Friends
"Cloudy with a Chance of Meatballs (Cloudy with a Chance of Meatballs, #1)",Judi Barrett,https://www.goodreads.com/book/show/8073.Cloudy_with_a_Chance_of_Meatballs
"The World of Winnie-the-Pooh (Winnie-the-Pooh, #1-2)",A.A. Milne,https://www.goodreads.com/book/show/99111.The_World_of_Winnie_the_Pooh
The Secret Garden,Frances Hodgson Burnett,https://www.goodreads.com/book/show/2998.The_Secret_Garden
Alice’s Adventures in Wonderland / Through the Looking-Glass,Lewis Carroll,https://www.goodreads.com/book/show/24213.Alice_s_Adventures_in_Wonderland_Through_the_Looking_Glass
Guess How Much I Love You,Sam McBratney,https://www.goodreads.com/book/show/301736.Guess_How_Much_I_Love_You
Horton Hears a Who!,Dr. Seuss,https://www.goodreads.com/book/show/7779.Horton_Hears_a_Who_
"The Chronicles of Narnia (The Chronicles of Narnia, #1-7)",C.S. Lewis,https://www.goodreads.com/book/show/11127.The_Chronicles_of_Narnia
"Anne of Green Gables (Anne of Green Gables, #1)",L.M. Montgomery,https://www.goodreads.com/book/show/8127.Anne_of_Green_Gables
"Pippi Longstocking (Pippi Långstrump, #1)",Astrid Lindgren,https://www.goodreads.com/book/show/19302.Pippi_Longstocking
The True Story of the 3 Little Pigs,Jon Scieszka,https://www.goodreads.com/book/show/125507.The_True_Story_of_the_3_Little_Pigs
"Charlie and the Chocolate Factory (Charlie Bucket, #1)",Roald Dahl,https://www.goodreads.com/book/show/6310.Charlie_and_the_Chocolate_Factory
The Little Engine That Could,Watty Piper,https://www.goodreads.com/book/show/824204.The_Little_Engine_That_Could
"Amelia Bedelia  (Amelia Bedelia, #1)",Peggy Parish,https://www.goodreads.com/book/show/774001.Amelia_Bedelia
"The Hobbit, or There and Back Again",J.R.R. Tolkien,https://www.goodreads.com/book/show/5907.The_Hobbit_or_There_and_Back_Again
The BFG,Roald Dahl,https://www.goodreads.com/book/show/6319.The_BFG
The Stinky Cheese Man and Other Fairly Stupid Tales,Jon Scieszka,https://www.goodreads.com/book/show/407429.The_Stinky_Cheese_Man_and_Other_Fairly_Stupid_Tales
Stellaluna,Janell Cannon,https://www.goodreads.com/book/show/786256.Stellaluna
The Poky Little Puppy,Janette Sebring Lowrey,https://www.goodreads.com/book/show/505304.The_Poky_Little_Puppy
The Rainbow Fish,Marcus Pfister,https://www.goodreads.com/book/show/766020.The_Rainbow_Fish
Make Way for Ducklings,Robert McCloskey,https://www.goodreads.com/book/show/29291.Make_Way_for_Ducklings
James and the Giant Peach,Roald Dahl,https://www.goodreads.com/book/show/6689.James_and_the_Giant_Peach
"A Wrinkle in Time (Time Quintet, #1)",Madeleine L'Engle,https://www.goodreads.com/book/show/33574273-a-wrinkle-in-time
Don't Let the Pigeon Drive the Bus!,Mo Willems,https://www.goodreads.com/book/show/191113.Don_t_Let_the_Pigeon_Drive_the_Bus_
The Polar Express,Chris Van Allsburg,https://www.goodreads.com/book/show/420282.The_Polar_Express
The Phantom Tollbooth,Norton Juster,https://www.goodreads.com/book/show/378.The_Phantom_Tollbooth
"Little House in the Big Woods (Little House, #1)",Laura Ingalls Wilder,https://www.goodreads.com/book/show/8337.Little_House_in_the_Big_Woods
"The Wonderful Wizard of Oz (Oz, #1)",L. Frank Baum,https://www.goodreads.com/book/show/236093.The_Wonderful_Wizard_of_Oz
"Go, Dog. Go!",P.D. Eastman,https://www.goodreads.com/book/show/460548.Go_Dog_Go_
"The Giver (The Giver, #1)",Lois Lowry,https://www.goodreads.com/book/show/3636.The_Giver
The Story of Ferdinand,Munro Leaf,https://www.goodreads.com/book/show/773951.The_Story_of_Ferdinand
The Night Before Christmas,Clement Clarke Moore,https://www.goodreads.com/book/show/196970.The_Night_Before_Christmas
Bridge to Terabithia,Katherine Paterson,https://www.goodreads.com/book/show/40940121-bridge-to-terabithia
Blueberries for Sal,Robert McCloskey,https://www.goodreads.com/book/show/133526.Blueberries_for_Sal
"Caps for Sale: A Tale of a Peddler, Some Monkeys and Their Monkey Business",Esphyr Slobodkina,https://www.goodreads.com/book/show/775597.Caps_for_Sale
Clifford the Big Red Dog,Norman Bridwell,https://www.goodreads.com/book/show/858719.Clifford_the_Big_Red_Dog
The Witches,Roald Dahl,https://www.goodreads.com/book/show/6327.The_Witches
Fox in Socks,Dr. Seuss,https://www.goodreads.com/book/show/105551.Fox_in_Socks
"The Lion, the Witch and the Wardrobe (Chronicles of Narnia, #1)",C.S. Lewis,https://www.goodreads.com/book/show/100915.The_Lion_the_Witch_and_the_Wardrobe
"Little Bear (Little Bear, #1)",Else Holmelund Minarik,https://www.goodreads.com/book/show/201146.Little_Bear
"The Snowy Day (Peter, #1)",Ezra Jack Keats,https://www.goodreads.com/book/show/310258.The_Snowy_Day
The Paper Bag Princess,Robert Munsch,https://www.goodreads.com/book/show/240130.The_Paper_Bag_Princess
Tikki Tikki Tembo,Arlene Mosel,https://www.goodreads.com/book/show/551876.Tikki_Tikki_Tembo
A Bad Case of Stripes (Scholastic Bookshelf),David Shannon,https://www.goodreads.com/book/show/474858.A_Bad_Case_of_Stripes
"Winnie-the-Pooh (Winnie-the-Pooh, #1)",A.A. Milne,https://www.goodreads.com/book/show/99107.Winnie_the_Pooh
Chrysanthemum,Kevin Henkes,https://www.goodreads.com/book/show/858513.Chrysanthemum
"Miss Nelson Is Missing! (Miss Nelson, #1)",Harry Allard,https://www.goodreads.com/book/show/147732.Miss_Nelson_Is_Missing_
"Click, Clack, Moo: Cows That Type",Doreen Cronin,https://www.goodreads.com/book/show/766955.Click_Clack_Moo
Falling Up,Shel Silverstein,https://www.goodreads.com/book/show/30120.Falling_Up
From the Mixed-Up Files of Mrs. Basil E. Frankweiler,E.L. Konigsburg,https://www.goodreads.com/book/show/3980.From_the_Mixed_Up_Files_of_Mrs_Basil_E_Frankweiler
The Tale of Despereaux,Kate DiCamillo,https://www.goodreads.com/book/show/37190.The_Tale_of_Despereaux
The Sneetches and Other Stories,Dr. Seuss,https://www.goodreads.com/book/show/105549.The_Sneetches_and_Other_Stories
"The Story of Babar (Babar, #1)",Jean de Brunhoff,https://www.goodreads.com/book/show/356321.The_Story_of_Babar
"The Indian in the Cupboard (The Indian in the Cupboard, #1)",Lynne Reid Banks,https://www.goodreads.com/book/show/125404.The_Indian_in_the_Cupboard
The Adventures of Tom Sawyer,Mark Twain,https://www.goodreads.com/book/show/24583.The_Adventures_of_Tom_Sawyer
"Olivia (Olivia, #1)",Ian Falconer,https://www.goodreads.com/book/show/770051.Olivia
"The Mouse and the Motorcycle (Ralph S. Mouse, #1)",Beverly Cleary,https://www.goodreads.com/book/show/232109.The_Mouse_and_the_Motorcycle
"The Little House Collection (Little House, #1-9)",Laura Ingalls Wilder,https://www.goodreads.com/book/show/114345.The_Little_House_Collection
"Sideways Stories from Wayside School (Wayside School, #1)",Louis Sachar,https://www.goodreads.com/book/show/15779.Sideways_Stories_from_Wayside_School
"Ramona the Pest (Ramona, #2)",Beverly Cleary,https://www.goodreads.com/book/show/78039.Ramona_the_Pest
The Neverending Story,Michael Ende,https://www.goodreads.com/book/show/27712.The_Neverending_Story
The Little House,Virginia Lee Burton,https://www.goodreads.com/book/show/153540.The_Little_House
Hop On Pop,Dr. Seuss,https://www.goodreads.com/book/show/206962.Hop_On_Pop
Harry the Dirty Dog,Gene Zion,https://www.goodreads.com/book/show/857448.Harry_the_Dirty_Dog
"Bunnicula: A Rabbit-Tale of Mystery (Bunnicula, #1)",Deborah Howe,https://www.goodreads.com/book/show/281235.Bunnicula
Horton Hatches the Egg,Dr. Seuss,https://www.goodreads.com/book/show/11301.Horton_Hatches_the_Egg
The Runaway Bunny,Margaret Wise Brown,https://www.goodreads.com/book/show/58922.The_Runaway_Bunny
"Harry Potter and the Prisoner of Azkaban (Harry Potter, #3)",J.K. Rowling,https://www.goodreads.com/book/show/5.Harry_Potter_and_the_Prisoner_of_Azkaban
Stone Soup,Jon J. Muth,https://www.goodreads.com/book/show/331701.Stone_Soup
A Light in the Attic,Shel Silverstein,https://www.goodreads.com/book/show/30118.A_Light_in_the_Attic
"Harry Potter and the Chamber of Secrets (Harry Potter, #2)",J.K. Rowling,https://www.goodreads.com/book/show/15881.Harry_Potter_and_the_Chamber_of_Secrets
The Three Billy Goats Gruff,Paul Galdone,https://www.goodreads.com/book/show/789559.The_Three_Billy_Goats_Gruff
Peter Pan,J.M. Barrie,https://www.goodreads.com/book/show/34268.Peter_Pan
"The Boxcar Children (The Boxcar Children, #1)",Gertrude Chandler Warner,https://www.goodreads.com/book/show/297249.The_Boxcar_Children
Yertle the Turtle and Other Stories,Dr. Seuss,https://www.goodreads.com/book/show/420404.Yertle_the_Turtle_and_Other_Stories
"Frog and Toad Together (Frog and Toad, #2)",Arnold Lobel,https://www.goodreads.com/book/show/94803.Frog_and_Toad_Together
"Harry Potter and the Deathly Hallows (Harry Potter, #7)",J.K. Rowling,https://www.goodreads.com/book/show/136251.Harry_Potter_and_the_Deathly_Hallows
"Harry Potter and the Goblet of Fire (Harry Potter, #4)",J.K. Rowling,https://www.goodreads.com/book/show/6.Harry_Potter_and_the_Goblet_of_Fire
A Little Princess,Frances Hodgson Burnett,https://www.goodreads.com/book/show/3008.A_Little_Princess
"You Are Special (Wemmicksville, #1)",Max Lucado,https://www.goodreads.com/book/show/56728.You_Are_Special
"Mrs. Piggle-Wiggle (Mrs. Piggle Wiggle, #1)",Betty MacDonald,https://www.goodreads.com/book/show/25051.Mrs_Piggle_Wiggle
Lilly's Purple Plastic Purse,Kevin Henkes,https://www.goodreads.com/book/show/825081.Lilly_s_Purple_Plastic_Purse
"Holes (Holes, #1)",Louis Sachar,https://www.goodreads.com/book/show/38709.Holes
And to Think That I Saw It on Mulberry Street,Dr. Seuss,https://www.goodreads.com/book/show/28351.And_to_Think_That_I_Saw_It_on_Mulberry_Street
The Mitten,Jan Brett,https://www.goodreads.com/book/show/967494.The_Mitten
"Harry Potter and the Order of the Phoenix (Harry Potter, #5)",J.K. Rowling,https://www.goodreads.com/book/show/2.Harry_Potter_and_the_Order_of_the_Phoenix
"Harry Potter and the Half-Blood Prince (Harry Potter, #6)",J.K. Rowling,https://www.goodreads.com/book/show/1.Harry_Potter_and_the_Half_Blood_Prince
The Kissing Hand,Audrey Penn,https://www.goodreads.com/book/show/18419.The_Kissing_Hand
Sylvester and the Magic Pebble,William Steig,https://www.goodreads.com/book/show/457762.Sylvester_and_the_Magic_Pebble
"Knuffle Bunny: A Cautionary Tale (Knuffle Bunny, #1)",Mo Willems,https://www.goodreads.com/book/show/490867.Knuffle_Bunny
Little Blue Truck,Alice Schertle,https://www.goodreads.com/book/show/2241348.Little_Blue_Truck
Strega Nona,Tomie dePaola,https://www.goodreads.com/book/show/581409.Strega_Nona
The Dot,Peter H. Reynolds,https://www.goodreads.com/book/show/825377.The_Dot
There Was an Old Lady Who Swallowed a Fly,Pam Adams,https://www.goodreads.com/book/show/949709.There_Was_an_Old_Lady_Who_Swallowed_a_Fly
Coraline,Neil Gaiman,https://www.goodreads.com/book/show/17061.Coraline
"Little Women (Little Women, #1)",Louisa May Alcott,https://www.goodreads.com/book/show/1934.Little_Women
Number the Stars,Lois Lowry,https://www.goodreads.com/book/show/47281.Number_the_Stars
"Little House on the Prairie (Little House, #3)",Laura Ingalls Wilder,https://www.goodreads.com/book/show/77767.Little_House_on_the_Prairie
"Ella Enchanted (Ella Enchanted, #1)",Gail Carson Levine,https://www.goodreads.com/book/show/24337.Ella_Enchanted
Dogs vs Bears,Austin    Davis,https://www.goodreads.com/book/show/197525278-dogs-vs-bears
"The Borrowers (The Borrowers, #1)",Mary Norton,https://www.goodreads.com/book/show/348573.The_Borrowers
"Tales of a Fourth Grade Nothing (Fudge, #1)",Judy Blume,https://www.goodreads.com/book/show/37741.Tales_of_a_Fourth_Grade_Nothing
A Day in the Life of Cowboy Mike and Winston,Michael Eastwood,https://www.goodreads.com/book/show/72403204-a-day-in-the-life-of-cowboy-mike-and-winston
The Going To Bed Book,Sandra Boynton,https://www.goodreads.com/book/show/53580.The_Going_To_Bed_Book
The Wind in the Willows,Kenneth Grahame,https://www.goodreads.com/book/show/5659.The_Wind_in_the_Willows
Dr. Seuss's ABC: An Amazing Alphabet Book!,Dr. Seuss,https://www.goodreads.com/book/show/17797344-dr-seuss-s-abc
Because of Winn-Dixie,Kate DiCamillo,https://www.goodreads.com/book/show/357664.Because_of_Winn_Dixie
How to Eat Fried Worms,Thomas Rockwell,https://www.goodreads.com/book/show/322351.How_to_Eat_Fried_Worms
The Napping House,Audrey Wood,https://www.goodreads.com/book/show/815234.The_Napping_House
The Complete Fairy Tales,Hans Christian Andersen,https://www.goodreads.com/book/show/46306.The_Complete_Fairy_Tales
Mike Mulligan and His Steam Shovel,Virginia Lee Burton,https://www.goodreads.com/book/show/153542.Mike_Mulligan_and_His_Steam_Shovel
"Watership Down (Watership Down, #1)",Richard  Adams,https://www.goodreads.com/book/show/76620.Watership_Down
The Day the Crayons Quit,Drew Daywalt,https://www.goodreads.com/book/show/16101018-the-day-the-crayons-quit
The Mystic Princesses and the Whirlpool,P.J. LaRue,https://www.goodreads.com/book/show/17235412-the-mystic-princesses-and-the-whirlpool
"Mary Poppins (Mary Poppins, #1)",P.L. Travers,https://www.goodreads.com/book/show/152380.Mary_Poppins
Where the Red Fern Grows,Wilson Rawls,https://www.goodreads.com/book/show/10365.Where_the_Red_Fern_Grows
"The Bad Beginning (A Series of Unfortunate Events, #1)",Lemony Snicket,https://www.goodreads.com/book/show/78411.The_Bad_Beginning
"World Cruise by Whale: Mike and Alex, Parts 3 and 4",Peter Van Wermeskerken,https://www.goodreads.com/book/show/216716338-world-cruise-by-whale
"The Little Mouse, the Red Ripe Strawberry, and the Big Hungry Bear",Don Wood,https://www.goodreads.com/book/show/682920.The_Little_Mouse_the_Red_Ripe_Strawberry_and_the_Big_Hungry_Bear
"Heidi (Heidi, #1-2)",Johanna Spyri,https://www.goodreads.com/book/show/93.Heidi
Bread and Jam for Frances,Russell Hoban,https://www.goodreads.com/book/show/911579.Bread_and_Jam_for_Frances
"Are You There God? It’s Me, Margaret",Judy Blume,https://www.goodreads.com/book/show/37732.Are_You_There_God_It_s_Me_Margaret
Creepy Carrots!,Aaron Reynolds,https://www.goodreads.com/book/show/13259987-creepy-carrots
Stuart Little,E.B. White,https://www.goodreads.com/book/show/138959.Stuart_Little
What Do People Do All Day?,Richard Scarry,https://www.goodreads.com/book/show/313375.What_Do_People_Do_All_Day_
The Invisible Boy,Trudy Ludwig,https://www.goodreads.com/book/show/17140549-the-invisible-boy
The Bad Seed (The Food Group #1),Jory John,https://www.goodreads.com/book/show/39991777-the-bad-seed
Chicken Soup with Rice: A Book of Months,Maurice Sendak,https://www.goodreads.com/book/show/590552.Chicken_Soup_with_Rice
To Kill a Mockingbird,Harper Lee,https://www.goodreads.com/book/show/2657.To_Kill_a_Mockingbird
There's a Wocket in My Pocket!,Dr. Seuss,https://www.goodreads.com/book/show/310272.There_s_a_Wocket_in_My_Pocket_
Harriet the Spy,Louise Fitzhugh,https://www.goodreads.com/book/show/232576.Harriet_the_Spy
The Diary of a Young Girl,Anne Frank,https://www.goodreads.com/book/show/48855.The_Diary_of_a_Young_Girl
We're Going on a Bear Hunt,Michael Rosen,https://www.goodreads.com/book/show/201126.We_re_Going_on_a_Bear_Hunt
"Good Night, Gorilla",Peggy Rathmann,https://www.goodreads.com/book/show/773276.Good_Night_Gorilla
How Do Dinosaurs Say Good Night?,Jane Yolen,https://www.goodreads.com/book/show/122125.How_Do_Dinosaurs_Say_Good_Night_
George and Martha: The Complete Stories of Two Best Friends,James  Marshall,https://www.goodreads.com/book/show/408766.George_and_Martha
"No, David!",David Shannon,https://www.goodreads.com/book/show/1062516.No_David_
Joey and His Friend Water,Ellen J. Lewinberg,https://www.goodreads.com/book/show/153680369-joey-and-his-friend-water
If You Give a Moose a Muffin,Laura Numeroff,https://www.goodreads.com/book/show/826584.If_You_Give_a_Moose_a_Muffin
My Big Fat Zombie Goldfish,Mo O'Hara,https://www.goodreads.com/book/show/17405203-my-big-fat-zombie-goldfish
"The Lightning Thief (Percy Jackson and the Olympians, #1)",Rick Riordan,https://www.goodreads.com/book/show/28187.The_Lightning_Thief
But Not the Hippopotamus,Sandra Boynton,https://www.goodreads.com/book/show/515885.But_Not_the_Hippopotamus
Island of the Blue Dolphins,Scott O'Dell,https://www.goodreads.com/book/show/41044096-island-of-the-blue-dolphins
"The Most Magnificent Thing (Most Magnificent, 1)",Ashley Spires,https://www.goodreads.com/book/show/18383325-the-most-magnificent-thing
The Hundred Dresses,Eleanor Estes,https://www.goodreads.com/book/show/42369.The_Hundred_Dresses
Bedtime for Frances,Russell Hoban,https://www.goodreads.com/book/show/906541.Bedtime_for_Frances
Rikki-Tikki-Tavi,Rudyard Kipling,https://www.goodreads.com/book/show/577542.Rikki_Tikki_Tavi
"The Golden Compass (His Dark Materials, #1)",Philip Pullman,https://www.goodreads.com/book/show/119322.The_Golden_Compass
Archibald Finch and the Lost Witches (Archibald Finch #1),Michel Guyon,https://www.goodreads.com/book/show/41742807-archibald-finch-and-the-lost-witches
Fantastic Mr. Fox,Roald Dahl,https://www.goodreads.com/book/show/6693.Fantastic_Mr_Fox
If You Give a Pig a Pancake,Laura Joffe Numeroff,https://www.goodreads.com/book/show/826585.If_You_Give_a_Pig_a_Pancake
The Invention of Hugo Cabret,Brian Selznick,https://www.goodreads.com/book/show/9673436-the-invention-of-hugo-cabret
In the Night Kitchen,Maurice Sendak,https://www.goodreads.com/book/show/95144.In_the_Night_Kitchen
Mr. Popper's Penguins,Richard Atwater,https://www.goodreads.com/book/show/61549.Mr_Popper_s_Penguins
The Little Red Hen,Diane Muldrow,https://www.goodreads.com/book/show/867650.The_Little_Red_Hen
I Was So Mad (A Golden Look-Look Book),Mercer Mayer,https://www.goodreads.com/book/show/386421.I_Was_So_Mad
Little Owl's Night,Divya Srinivasan,https://www.goodreads.com/book/show/10923383-little-owl-s-night
George's Marvellous Medicine,Roald Dahl,https://www.goodreads.com/book/show/74532.George_s_Marvellous_Medicine
The Grouchy Ladybug,Eric Carle,https://www.goodreads.com/book/show/336161.The_Grouchy_Ladybug
D'Aulaires' Book of Greek Myths,Ingri d'Aulaire,https://www.goodreads.com/book/show/79626.D_Aulaires_Book_of_Greek_Myths
"Beezus and Ramona (Ramona, #1)",Beverly Cleary,https://www.goodreads.com/book/show/91244.Beezus_and_Ramona
The Graveyard Book,Neil Gaiman,https://www.goodreads.com/book/show/2213661.The_Graveyard_Book
Cheaper by the Dozen,Frank B. Gilbreth Jr.,https://www.goodreads.com/book/show/764903.Cheaper_by_the_Dozen
Miss Rumphius,Barbara Cooney,https://www.goodreads.com/book/show/334818.Miss_Rumphius
The Berenstain Bears and the Messy Room,Stan Berenstain,https://www.goodreads.com/book/show/900065.The_Berenstain_Bears_and_the_Messy_Room
Llama Llama Red Pajama,Anna Dewdney,https://www.goodreads.com/book/show/401679.Llama_Llama_Red_Pajama
"Anne of Avonlea (Anne of Green Gables, #2)",L.M. Montgomery,https://www.goodreads.com/book/show/77390.Anne_of_Avonlea
Eraser,Anna Kang,https://www.goodreads.com/book/show/37922875-eraser
Pat the Bunny,Dorothy Kunhardt,https://www.goodreads.com/book/show/13532212-pat-the-bunny
"The Gruffalo (Gruffalo, #1)",Julia Donaldson,https://www.goodreads.com/book/show/1013383.The_Gruffalo
Skippyjon Jones,Judy Schachner,https://www.goodreads.com/book/show/803171.Skippyjon_Jones
The Butter Battle Book,Dr. Seuss,https://www.goodreads.com/book/show/275325.The_Butter_Battle_Book
Eloise,Kay Thompson,https://www.goodreads.com/book/show/782854.Eloise
The Emperor's New Clothes,Hans Christian Andersen,https://www.goodreads.com/book/show/343002.The_Emperor_s_New_Clothes
"The Magician’s Nephew (Chronicles of Narnia, #6)",C.S. Lewis,https://www.goodreads.com/book/show/65605.The_Magician_s_Nephew
The Witch of Blackbird Pond,Elizabeth George Speare,https://www.goodreads.com/book/show/703292.The_Witch_of_Blackbird_Pond
"Best Friends (Sweet Valley Twins, #1)",Francine Pascal,https://www.goodreads.com/book/show/290400.Best_Friends
Owl Moon,Jane Yolen,https://www.goodreads.com/book/show/228696.Owl_Moon
Sadako and the Thousand Paper Cranes,Eleanor Coerr,https://www.goodreads.com/book/show/181077.Sadako_and_the_Thousand_Paper_Cranes
The Not-So-Friendly Friend: How To Set Boundaries for Healthy Friendships,Christina Furnival,https://www.goodreads.com/book/show/58973064-the-not-so-friendly-friend
Real Friends (Real Friends #1),Shannon Hale,https://www.goodreads.com/book/show/31145178-real-friends
Five Little Monkeys Jumping on the Bed,Eileen Christelow,https://www.goodreads.com/book/show/1767779.Five_Little_Monkeys_Jumping_on_the_Bed
The World Needs Who You Were Made to Be,Joanna Gaines,https://www.goodreads.com/book/show/54470343-the-world-needs-who-you-were-made-to-be
Kristy's Great Idea: A Graphic Novel (The Baby-Sitters Club Graphic Novels #1),Raina Telgemeier,https://www.goodreads.com/book/show/38424.Kristy_s_Great_Idea
The 500 Hats of Bartholomew Cubbins,Dr. Seuss,https://www.goodreads.com/book/show/7781.The_500_Hats_of_Bartholomew_Cubbins
"The Cricket in Times Square (Chester Cricket and His Friends, #1)",George Selden,https://www.goodreads.com/book/show/24384.The_Cricket_in_Times_Square
"The Adventures of Captain Underpants (Captain Underpants, #1)",Dav Pilkey,https://www.goodreads.com/book/show/207266.The_Adventures_of_Captain_Underpants
Little Red Riding Hood,Trina Schart Hyman,https://www.goodreads.com/book/show/920143.Little_Red_Riding_Hood
"Frog and Toad All Year (Frog and Toad, #3)",Arnold Lobel,https://www.goodreads.com/book/show/833549.Frog_and_Toad_All_Year
A Child's Garden of Verses,Robert Louis Stevenson,https://www.goodreads.com/book/show/20413.A_Child_s_Garden_of_Verses
"Mama, Do You Love Me?",Barbara M. Joosse,https://www.goodreads.com/book/show/730424.Mama_Do_You_Love_Me_
"The Long Winter (Little House, #6)",Laura Ingalls Wilder,https://www.goodreads.com/book/show/8282.The_Long_Winter
Stuck (Click #7),Kayla  Miller,https://www.goodreads.com/book/show/217223413-stuck
"A Kiss for Little Bear (Little Bear, #5)",Else Holmelund Minarik,https://www.goodreads.com/book/show/1241448.A_Kiss_for_Little_Bear
"Wayside School Is Falling Down (Wayside School, #2)",Louis Sachar,https://www.goodreads.com/book/show/10065.Wayside_School_Is_Falling_Down
"Inside the Human Body (The Magic School Bus, #3)",Joanna Cole,https://www.goodreads.com/book/show/722864.Inside_the_Human_Body
The Westing Game,Ellen Raskin,https://www.goodreads.com/book/show/902.The_Westing_Game
Just So Stories,Rudyard Kipling,https://www.goodreads.com/book/show/34053.Just_So_Stories
Big Nate: The Gerbil Ate My Homework,Lincoln Peirce,https://www.goodreads.com/book/show/54493635-big-nate
Swimmy,Leo Lionni,https://www.goodreads.com/book/show/114308.Swimmy
There's A Bear On My Chair,Ross Collins,https://www.goodreads.com/book/show/27210226-there-s-a-bear-on-my-chair
"The Teacher from the Black Lagoon (Black Lagoon, #1)",Mike Thaler,https://www.goodreads.com/book/show/948638.The_Teacher_from_the_Black_Lagoon
The Story About Ping,Marjorie Flack,https://www.goodreads.com/book/show/189182.The_Story_About_Ping
Frédéric,Leo Lionni,https://www.goodreads.com/book/show/375901.Fr_d_ric
The Snowman,Raymond Briggs,https://www.goodreads.com/book/show/489972.The_Snowman
The Trumpet of the Swan,E.B. White,https://www.goodreads.com/book/show/24335.The_Trumpet_of_the_Swan
Bear Snores On,Karma Wilson,https://www.goodreads.com/book/show/867248.Bear_Snores_On
"The House at Pooh Corner (Winnie-the-Pooh, #2)",A.A. Milne,https://www.goodreads.com/book/show/776407.The_House_at_Pooh_Corner
The Complete Adventures of Curious George,Margret Rey,https://www.goodreads.com/book/show/808853.The_Complete_Adventures_of_Curious_George
"Stop! Don't Read This, It's Impossible!",Malcolm McCoard,https://www.goodreads.com/book/show/40988046-stop-don-t-read-this-it-s-impossible
The Twits,Roald Dahl,https://www.goodreads.com/book/show/31456.The_Twits
Maya's Magical Adventures,Malcolm McCoard,https://www.goodreads.com/book/show/35002208-maya-s-magical-adventures
King Bidgood's in the Bathtub,Audrey Wood,https://www.goodreads.com/book/show/176626.King_Bidgood_s_in_the_Bathtub
Animalia,Graeme Base,https://www.goodreads.com/book/show/682751.Animalia
The Little Match Girl,Hans Christian Andersen,https://www.goodreads.com/book/show/342994.The_Little_Match_Girl
Owl Babies,Martin Waddell,https://www.goodreads.com/book/show/716944.Owl_Babies
Each Peach Pear Plum,Janet Ahlberg,https://www.goodreads.com/book/show/833550.Each_Peach_Pear_Plum
"Hand, Hand, Fingers, Thumb (Bright & Early Board Books)",Al Perkins,https://www.goodreads.com/book/show/857501.Hand_Hand_Fingers_Thumb
Jamberry,Bruce Degen,https://www.goodreads.com/book/show/886512.Jamberry
Angelina Ballerina,Katharine Holabird,https://www.goodreads.com/book/show/492812.Angelina_Ballerina
Johnny Tremain,Esther Forbes,https://www.goodreads.com/book/show/816870.Johnny_Tremain
"Lyle, Lyle, Crocodile",Bernard Waber,https://www.goodreads.com/book/show/372638.Lyle_Lyle_Crocodile
"My Father's Dragon (My Father's Dragon, #1)",Ruth Stiles Gannett,https://www.goodreads.com/book/show/34898.My_Father_s_Dragon
Is Your Mama a Llama?,Deborah Guarino,https://www.goodreads.com/book/show/770038.Is_Your_Mama_a_Llama_
The Jungle Books,Rudyard Kipling,https://www.goodreads.com/book/show/41684.The_Jungle_Books
"Days with Frog and Toad (Frog and Toad, #4)",Arnold Lobel,https://www.goodreads.com/book/show/94804.Days_with_Frog_and_Toad
Just Me and My Dad,Mercer Mayer,https://www.goodreads.com/book/show/239388.Just_Me_and_My_Dad
The Very Busy Spider,Eric Carle,https://www.goodreads.com/book/show/556511.The_Very_Busy_Spider
Aesop’s Fables,Aesop,https://www.goodreads.com/book/show/21348.Aesop_s_Fables
"Ramona Quimby, Age 8 (Ramona, #6)",Beverly Cleary,https://www.goodreads.com/book/show/91253.Ramona_Quimby_Age_8
"Shiloh (Shiloh, #1)",Phyllis Reynolds Naylor,https://www.goodreads.com/book/show/207153.Shiloh
Don't Let the Pigeon Stay Up Late!,Mo Willems,https://www.goodreads.com/book/show/191117.Don_t_Let_the_Pigeon_Stay_Up_Late_
Mrs. Frisby and the Rats of NIMH,Robert C. O'Brien,https://www.goodreads.com/book/show/9822.Mrs_Frisby_and_the_Rats_of_NIMH
Not a Box,Antoinette Portis,https://www.goodreads.com/book/show/220596.Not_a_Box
The Tiny Caterpillar and the Great Big Tree,Kelly Moran,https://www.goodreads.com/book/show/6722283-the-tiny-caterpillar-and-the-great-big-tree
Tuesday,David Wiesner,https://www.goodreads.com/book/show/97860.Tuesday
The Country Bunny and the Little Gold Shoes,DuBose Heyward,https://www.goodreads.com/book/show/532752.The_Country_Bunny_and_the_Little_Gold_Shoes
Diary of a Worm,Doreen Cronin,https://www.goodreads.com/book/show/99296.Diary_of_a_Worm
The Foot Book: Dr. Seuss's Wacky Book of Opposites,Dr. Seuss,https://www.goodreads.com/book/show/105548.The_Foot_Book
Walt Disney's Three Little Pigs (A Little Golden Book),Al Dempster,https://www.goodreads.com/book/show/140131.Walt_Disney_s_Three_Little_Pigs
The Brothers Lionheart,Astrid Lindgren,https://www.goodreads.com/book/show/19312.The_Brothers_Lionheart
The Wolves in the Walls,Neil Gaiman,https://www.goodreads.com/book/show/22341.The_Wolves_in_the_Walls
Alice in Wonderland,Jane Carruth,https://www.goodreads.com/book/show/13023.Alice_in_Wonderland
A Pet Banana,Othen Donald Dale Cummings,https://www.goodreads.com/book/show/15823956-a-pet-banana
"The Secret of the Old Clock (Nancy Drew Mystery Stories, #1)",Carolyn Keene,https://www.goodreads.com/book/show/32979.The_Secret_of_the_Old_Clock
"The Hunger Games (The Hunger Games, #1)",Suzanne Collins,https://www.goodreads.com/book/show/2767052-the-hunger-games
Jumanji,Chris Van Allsburg,https://www.goodreads.com/book/show/525995.Jumanji
The Miraculous Journey of Edward Tulane,Kate DiCamillo,https://www.goodreads.com/book/show/37186.The_Miraculous_Journey_of_Edward_Tulane
Pinocchio,Carlo Collodi,https://www.goodreads.com/book/show/180617.Pinocchio
"Danny and the Dinosaur (Danny and the Dinosaur, #1)",Syd Hoff,https://www.goodreads.com/book/show/858037.Danny_and_the_Dinosaur
Serendipity (Serendipity Books),Stephen Cosgrove,https://www.goodreads.com/book/show/262050.Serendipity
"Miss Nelson Is Back (Miss Nelson, #2)",Harry Allard,https://www.goodreads.com/book/show/279692.Miss_Nelson_Is_Back
Turtle Wish,Murielle Cyr,https://www.goodreads.com/book/show/19029493-turtle-wish
The Six Lives of Henry the Eighth: The world's most unlucky cat!,Malcolm McCoard,https://www.goodreads.com/book/show/39816138-the-six-lives-of-henry-the-eighth
The Library,Sarah Stewart,https://www.goodreads.com/book/show/858586.The_Library
The Tiger Who Came to Tea,Judith Kerr,https://www.goodreads.com/book/show/1099097.The_Tiger_Who_Came_to_Tea
Pierre: A Cautionary Tale in Five Chapters and a Prologue,Maurice Sendak,https://www.goodreads.com/book/show/120715.Pierre
A Color of His Own,Leo Lionni,https://www.goodreads.com/book/show/225545.A_Color_of_His_Own
My First Fun Golf Steps (My First Travel Books Series),Anna Othitis,https://www.goodreads.com/book/show/22030490-my-first-fun-golf-steps
"Wonder (Wonder, #1)",R.J. Palacio,https://www.goodreads.com/book/show/11387515-wonder
Dragons Don't Dance Ballet,Jennifer Carson,https://www.goodreads.com/book/show/55773277-dragons-don-t-dance-ballet
Verdi,Janell Cannon,https://www.goodreads.com/book/show/970061.Verdi
Duck on a Bike,David Shannon,https://www.goodreads.com/book/show/920780.Duck_on_a_Bike
The Berenstain Bears and Too Much TV,Stan Berenstain,https://www.goodreads.com/book/show/201138.The_Berenstain_Bears_and_Too_Much_TV
"Hatchet (Brian's Saga, #1)",Gary Paulsen,https://www.goodreads.com/book/show/50.Hatchet
Richard Scarry's Best Storybook Ever!,Richard Scarry,https://www.goodreads.com/book/show/117170.Richard_Scarry_s_Best_Storybook_Ever_
"Moo, Baa, La La La!",Sandra Boynton,https://www.goodreads.com/book/show/4600.Moo_Baa_La_La_La_
The Authoritative Calvin and Hobbes: A Calvin and Hobbes Treasury,Bill Watterson,https://www.goodreads.com/book/show/59715.The_Authoritative_Calvin_and_Hobbes
"Good Dog, Carl (Good Dog, Carl, #1)",Alexandra Day,https://www.goodreads.com/book/show/406790.Good_Dog_Carl
Cars and Trucks and Things That Go,Richard Scarry,https://www.goodreads.com/book/show/24688.Cars_and_Trucks_and_Things_That_Go
The Eleventh Hour,Graeme Base,https://www.goodreads.com/book/show/11903.The_Eleventh_Hour
Fruzzle's Mystery Talent: A Bed Time Fantasy Story for Children ages 3-10,Karen (Kara) Brueggeman,https://www.goodreads.com/book/show/18930938-fruzzle-s-mystery-talent
Mr. Brown Can Moo! Can You?,Dr. Seuss,https://www.goodreads.com/book/show/105552.Mr_Brown_Can_Moo_Can_You_
Paddington Bear,Michael Bond,https://www.goodreads.com/book/show/705985.Paddington_Bear
Put Me in the Zoo,Robert Lopshire,https://www.goodreads.com/book/show/413158.Put_Me_in_the_Zoo
Aboard the Time Line,Bastian Gregory,https://www.goodreads.com/book/show/57962481-aboard-the-time-line
Time for Bed,Mem Fox,https://www.goodreads.com/book/show/835495.Time_for_Bed
The Berenstain Bears and Too Much Junk Food,Stan Berenstain,https://www.goodreads.com/book/show/263601.The_Berenstain_Bears_and_Too_Much_Junk_Food
And Tango Makes Three,Justin Richardson,https://www.goodreads.com/book/show/117997.And_Tango_Makes_Three
The True Confessions of Charlotte Doyle,Avi,https://www.goodreads.com/book/show/310146.The_True_Confessions_of_Charlotte_Doyle
"The Missing Piece (The Missing Piece, #1)",Shel Silverstein,https://www.goodreads.com/book/show/30122.The_Missing_Piece
"The Last Battle (Chronicles of Narnia, #7)",C.S. Lewis,https://www.goodreads.com/book/show/84369.The_Last_Battle
The Ugly Duckling,Jerry Pinkney,https://www.goodreads.com/book/show/122967.The_Ugly_Duckling
"The Book of Three (The Chronicles of Prydain, #1)",Lloyd Alexander,https://www.goodreads.com/book/show/24780.The_Book_of_Three
"Ramona the Brave (Ramona, #3)",Beverly Cleary,https://www.goodreads.com/book/show/91248.Ramona_the_Brave
"The Voyage of the Dawn Treader (Chronicles of Narnia, #3)",C.S. Lewis,https://www.goodreads.com/book/show/140225.The_Voyage_of_the_Dawn_Treader
Nutcracker,Maurice Sendak,https://www.goodreads.com/book/show/120718.Nutcracker
Cowboy Mike and Winston Attend Cowboy Church,Michael Eastwood,https://www.goodreads.com/book/show/77261407-cowboy-mike-and-winston-attend-cowboy-church
Ish,Peter H. Reynolds,https://www.goodreads.com/book/show/765654.Ish
"Five Children and It (The Psammead Trilogy, #1)",E. Nesbit,https://www.goodreads.com/book/show/45181.Five_Children_and_It
Dr. Seuss's Sleep Book,Dr. Seuss,https://www.goodreads.com/book/show/7772.Dr_Seuss_s_Sleep_Book
"Charlie and the Great Glass Elevator (Charlie Bucket, #2)",Roald Dahl,https://www.goodreads.com/book/show/6687.Charlie_and_the_Great_Glass_Elevator
Quick as a Cricket,Audrey Wood,https://www.goodreads.com/book/show/815263.Quick_as_a_Cricket
Wendall,Othen Donald Dale Cummings,https://www.goodreads.com/book/show/17936052-wendall
If You Take a Mouse to School,Laura Numeroff,https://www.goodreads.com/book/show/826582.If_You_Take_a_Mouse_to_School
The Amazing Super Great Awesome Incredible Fantastic Space Race!,Othen Donald Dale Cummings,https://www.goodreads.com/book/show/15823808-the-amazing-super-great-awesome-incredible-fantastic-space-race
I'd Rather Be Riding My Bike,Eric Pinder,https://www.goodreads.com/book/show/17555774-i-d-rather-be-riding-my-bike
Flotsam,David Wiesner,https://www.goodreads.com/book/show/138070.Flotsam
Just Me and My Mom (A Golden Look-Look Book),Mercer Mayer,https://www.goodreads.com/book/show/386210.Just_Me_and_My_Mom
"Roll of Thunder, Hear My Cry (Logans, #4)",Mildred D. Taylor,https://www.goodreads.com/book/show/310459.Roll_of_Thunder_Hear_My_Cry
"The Mysterious Benedict Society (The Mysterious Benedict Society, #1)",Trenton Lee Stewart,https://www.goodreads.com/book/show/40605329-the-mysterious-benedict-society
Tuck Everlasting,Natalie Babbitt,https://www.goodreads.com/book/show/84981.Tuck_Everlasting
The Friendly Mouse,Sophia R. Tyler,https://www.goodreads.com/book/show/60682770-the-friendly-mouse
The Egypt Game (Game #1),Zilpha Keatley Snyder,https://www.goodreads.com/book/show/903.The_Egypt_Game
"The Last Unicorn (The Last Unicorn, #1)",Peter S. Beagle,https://www.goodreads.com/book/show/29127.The_Last_Unicorn
"The Mysterious Corridor (Duke & Michel, #1)",Elias Zapple,https://www.goodreads.com/book/show/22182961-the-mysterious-corridor
If I Ran the Zoo,Dr. Seuss,https://www.goodreads.com/book/show/147029.If_I_Ran_the_Zoo
Danny the Champion of the World,Roald Dahl,https://www.goodreads.com/book/show/6690.Danny_the_Champion_of_the_World
"Half Magic (Tales of Magic, #1)",Edward Eager,https://www.goodreads.com/book/show/225038.Half_Magic
"The City of Ember (Book of Ember, #1)",Jeanne DuPrau,https://www.goodreads.com/book/show/307791.The_City_of_Ember
Giraffes Can't Dance,Giles Andreae,https://www.goodreads.com/book/show/765148.Giraffes_Can_t_Dance
Jay-Pea-Eyes Aka Junior Private Investigators,John  Priest,https://www.goodreads.com/book/show/15901677-jay-pea-eyes-aka-junior-private-investigators
Dr. Julie Visits Cowboy Mike and Winston,Michael Eastwood,https://www.goodreads.com/book/show/77261401-dr-julie-visits-cowboy-mike-and-winston
A Day at Blue Mountain Ranch with Cowboy Mike and Winston,Michael Eastwood,https://www.goodreads.com/book/show/58195691-a-day-at-blue-mountain-ranch-with-cowboy-mike-and-winston
"A Bear Called Paddington (Paddington, #1)",Michael Bond,https://www.goodreads.com/book/show/160629.A_Bear_Called_Paddington
Chicken Little,Steven Kellogg,https://www.goodreads.com/book/show/1101274.Chicken_Little
An Elephant Is On My House: And Other Poems,Othen Donald Dale Cummings,https://www.goodreads.com/book/show/22204746-an-elephant-is-on-my-house
Leo the Late Bloomer,Robert Kraus,https://www.goodreads.com/book/show/225542.Leo_the_Late_Bloomer
"We Are in a Book! (Elephant & Piggie, #13)",Mo Willems,https://www.goodreads.com/book/show/7846067-we-are-in-a-book
Room on the Broom,Julia Donaldson,https://www.goodreads.com/book/show/177246.Room_on_the_Broom
Just for You (A Golden Look-Look Book),Mercer Mayer,https://www.goodreads.com/book/show/386234.Just_for_You
The Five Chinese Brothers,Claire Huchet Bishop,https://www.goodreads.com/book/show/65217.The_Five_Chinese_Brothers
Timothy Mean and the Time Machine,William A.E. Ford,https://www.goodreads.com/book/show/43617901-timothy-mean-and-the-time-machine
Black Beauty,Anna Sewell,https://www.goodreads.com/book/show/3685.Black_Beauty
Waffles and Pancakes,Cindy Springsteen,https://www.goodreads.com/book/show/13606431-waffles-and-pancakes
The Secret of the Great Red Spot (The Jupiter Chronicles #1),Leonardo Ramirez,https://www.goodreads.com/book/show/15711784-the-secret-of-the-great-red-spot
The Carrot Seed,Ruth Krauss,https://www.goodreads.com/book/show/857418.The_Carrot_Seed
"The Dark Is Rising (The Dark is Rising, #2)",Susan Cooper,https://www.goodreads.com/book/show/210329.The_Dark_Is_Rising
"The Complete Tales and Poems of Winnie-the-Pooh (Winnie-the-Pooh, #1-4)",A.A. Milne,https://www.goodreads.com/book/show/99110.The_Complete_Tales_and_Poems_of_Winnie_the_Pooh
"Jellybean the Dragon (The Jellybean the Dragon Stories, #1)",Elias Zapple,https://www.goodreads.com/book/show/18776164-jellybean-the-dragon
Momo,Michael Ende,https://www.goodreads.com/book/show/68811.Momo
"Henry Huggins (Henry Huggins, #1)",Beverly Cleary,https://www.goodreads.com/book/show/568476.Henry_Huggins
The Jolly Postman or Other People's Letters,Janet Ahlberg,https://www.goodreads.com/book/show/385250.The_Jolly_Postman_or_Other_People_s_Letters
Elias Zapple's Rhymes from the Cabbage Patch,Elias Zapple,https://www.goodreads.com/book/show/22306115-elias-zapple-s-rhymes-from-the-cabbage-patch
Happy Halloween,Othen Donald Dale Cummings,https://www.goodreads.com/book/show/20363899-happy-halloween
The Quiltmaker's Gift,Jeff Brumbeau,https://www.goodreads.com/book/show/56471.The_Quiltmaker_s_Gift
The Mysteries of Harris Burdick,Chris Van Allsburg,https://www.goodreads.com/book/show/55734.The_Mysteries_of_Harris_Burdick
"Mrs. Piggle-Wiggle's Magic (Mrs. Piggle Wiggle, #2)",Betty MacDonald,https://www.goodreads.com/book/show/25052.Mrs_Piggle_Wiggle_s_Magic
Holly Jolly: Campfire Stories,JK Franko Junior,https://www.goodreads.com/book/show/56071182-holly-jolly
Shapes Las Formas,Othen Donald Dale Cummings,https://www.goodreads.com/book/show/19385031-shapes-las-formas
"It's Time To Wake, Jake!",Amanda Beth Connolly,https://www.goodreads.com/book/show/50693728-it-s-time-to-wake-jake
Switch! The Lost Kingdoms of Karibu,Karen  Prince,https://www.goodreads.com/book/show/18333130-switch-the-lost-kingdoms-of-karibu
"The Wolves of Willoughby Chase (The Wolves Chronicles, #1)",Joan Aiken,https://www.goodreads.com/book/show/36638.The_Wolves_of_Willoughby_Chase
Pippi in the South Seas,Astrid Lindgren,https://www.goodreads.com/book/show/19307.Pippi_in_the_South_Seas
"Giggle, Giggle, Quack",Doreen Cronin,https://www.goodreads.com/book/show/191170.Giggle_Giggle_Quack
The Seven Silly Eaters,Mary Ann Hoberman,https://www.goodreads.com/book/show/204910.The_Seven_Silly_Eaters
"Over Sea, Under Stone (The Dark is Rising, #1)",Susan Cooper,https://www.goodreads.com/book/show/11312.Over_Sea_Under_Stone
Bears in the Night,Stan Berenstain,https://www.goodreads.com/book/show/900067.Bears_in_the_Night
"Knuffle Bunny Too: A Case of Mistaken Identity (Knuffle Bunny, #2)",Mo Willems,https://www.goodreads.com/book/show/515905.Knuffle_Bunny_Too
"The Steward (Weald Fae Journals, #1)",Christopher  Shields,https://www.goodreads.com/book/show/16031258-the-steward
African Safari with Ted and Raymond,Rhonda Patton,https://www.goodreads.com/book/show/17789633-african-safari-with-ted-and-raymond
World Adventurers for Kids Books 1-3,M.G. Edwards,https://www.goodreads.com/book/show/18141423-world-adventurers-for-kids-books-1-3
A Porcupine Named Fluffy,Helen Lester,https://www.goodreads.com/book/show/859427.A_Porcupine_Named_Fluffy
Button,Joyce  Mitchell,https://www.goodreads.com/book/show/22588031-button
Little Blue and Little Yellow: A Story for Pippo and Other Children,Leo Lionni,https://www.goodreads.com/book/show/183524.Little_Blue_and_Little_Yellow
Hansel and Gretel,Jacob Grimm,https://www.goodreads.com/book/show/1299393.Hansel_and_Gretel
"My Side of the Mountain (Mountain, #1)",Jean Craighead George,https://www.goodreads.com/book/show/41667.My_Side_of_the_Mountain
"The Complete Anne of Green Gables (Anne of Green Gables, #1-8)",L.M. Montgomery,https://www.goodreads.com/book/show/3579.The_Complete_Anne_of_Green_Gables
The Way Things Work,David Macaulay,https://www.goodreads.com/book/show/304889.The_Way_Things_Work
"The Substitute Teacher from the Black Lagoon (Black Lagoon, #15)",Mike Thaler,https://www.goodreads.com/book/show/647651.The_Substitute_Teacher_from_the_Black_Lagoon
"One Fish, Two Fish, Red Fish, Blue Fish/Oh, the Thinks You Can Think/Foot Book",Dr. Seuss,https://www.goodreads.com/book/show/2070930.One_Fish_Two_Fish_Red_Fish_Blue_Fish_Oh_the_Thinks_You_Can_Think_Foot_Book
"All-of-a-Kind Family (All-of-a-Kind-Family, #1)",Sydney Taylor,https://www.goodreads.com/book/show/7926.All_of_a_Kind_Family
How Do Dinosaurs Clean Their Rooms?,Jane Yolen,https://www.goodreads.com/book/show/81155.How_Do_Dinosaurs_Clean_Their_Rooms_
The Tales of Peter the Pixie Vol 1: New Friends,Gary Edward Gedall,https://www.goodreads.com/book/show/58747896-the-tales-of-peter-the-pixie-vol-1
"Oh, the Thinks You Can Think!",Dr. Seuss,https://www.goodreads.com/book/show/41757.Oh_the_Thinks_You_Can_Think_
"The Vincenzo Adventure (Fingertip Island, #1)",Ned Rauch-Mannino,https://www.goodreads.com/book/show/9418374-the-vincenzo-adventure
Lessons from Shadow: My Life Lessons for Boys and Girls,Shadow Bregman,https://www.goodreads.com/book/show/34504345-lessons-from-shadow
Goblinheart,Brett Axel,https://www.goodreads.com/book/show/13602221-goblinheart
Wilfrid Gordon McDonald Partridge,Mem Fox,https://www.goodreads.com/book/show/153168.Wilfrid_Gordon_McDonald_Partridge
I Know An Old Woman Who Swallowed A Fly,Nikki  Smith,https://www.goodreads.com/book/show/6345531-i-know-an-old-woman-who-swallowed-a-fly
Esio Trot,Roald Dahl,https://www.goodreads.com/book/show/194755.Esio_Trot
Touching the moon,Malcolm McCoard,https://www.goodreads.com/book/show/43077954-touching-the-moon
The Curse of Cardoness: Maya's Magical Adventures continue,Malcolm McCoard,https://www.goodreads.com/book/show/48557706-the-curse-of-cardoness
"Princess Academy (Princess Academy, #1)",Shannon Hale,https://www.goodreads.com/book/show/85990.Princess_Academy
"The Voyages of Doctor Dolittle (Doctor Dolittle, #2)",Hugh Lofting,https://www.goodreads.com/book/show/325416.The_Voyages_of_Doctor_Dolittle
The Berenstain Bears No Girls Allowed,Stan Berenstain,https://www.goodreads.com/book/show/310039.The_Berenstain_Bears_No_Girls_Allowed
Johnny Appleseed: A Tall Tale,Steven Kellogg,https://www.goodreads.com/book/show/917184.Johnny_Appleseed
"Anne of the Island (Anne of Green Gables, #3)",L.M. Montgomery,https://www.goodreads.com/book/show/77392.Anne_of_the_Island
The Fire Cat,Esther Averill,https://www.goodreads.com/book/show/169427.The_Fire_Cat
The Complete Book of the Flower Fairies,Cicely Mary Barker,https://www.goodreads.com/book/show/402105.The_Complete_Book_of_the_Flower_Fairies
"Ronia, the Robber's Daughter",Astrid Lindgren,https://www.goodreads.com/book/show/19314.Ronia_the_Robber_s_Daughter
The Berenstain Bears in the Dark,Stan Berenstain,https://www.goodreads.com/book/show/310070.The_Berenstain_Bears_in_the_Dark
The Wide-Mouthed Frog: A Pop-Up Book,Keith Faulkner,https://www.goodreads.com/book/show/106559.The_Wide_Mouthed_Frog
A Fly Went By,Mike McClintock,https://www.goodreads.com/book/show/980501.A_Fly_Went_By
Monster's Battle Book 1,Othen Donald Dale Cummings,https://www.goodreads.com/book/show/15831687-monster-s-battle-book-1
Adventures of Wallanders,Alex Letner,https://www.goodreads.com/book/show/51548618-adventures-of-wallanders
The Coven of Deeds,Malcolm McCoard,https://www.goodreads.com/book/show/58990727-the-coven-of-deeds
Abigail and the Jungle Adventure,Tali Carmi,https://www.goodreads.com/book/show/20445451-abigail-and-the-jungle-adventure
"Papa, Please Get the Moon for Me",Eric Carle,https://www.goodreads.com/book/show/47674.Papa_Please_Get_the_Moon_for_Me
On the Day You Were Born: Book and Musical CD,Debra Frasier,https://www.goodreads.com/book/show/74819.On_the_Day_You_Were_Born
"Ramona and Her Father (Ramona, #4)",Beverly Cleary,https://www.goodreads.com/book/show/91247.Ramona_and_Her_Father
Silly Sally,Audrey Wood,https://www.goodreads.com/book/show/815262.Silly_Sally
"Bark, George",Jules Feiffer,https://www.goodreads.com/book/show/595586.Bark_George
Piggies,Audrey Wood,https://www.goodreads.com/book/show/815264.Piggies
The Pigeon Finds a Hot Dog!,Mo Willems,https://www.goodreads.com/book/show/197512.The_Pigeon_Finds_a_Hot_Dog_
There's an Alligator under My Bed (There's Something in My Room Series),Mercer Mayer,https://www.goodreads.com/book/show/724174.There_s_an_Alligator_under_My_Bed
"The Best Christmas Pageant Ever (The Herdmans, #1)",Barbara Robinson,https://www.goodreads.com/book/show/239810.The_Best_Christmas_Pageant_Ever
"Echo McCool, Outlaw Through Time",Roger K. Driscoll,https://www.goodreads.com/book/show/10623239-echo-mccool-outlaw-through-time
The Book of Noise!,Othen Donald Dale Cummings,https://www.goodreads.com/book/show/24961930-the-book-of-noise
If You Take a Mouse to the Movies,Laura Numeroff,https://www.goodreads.com/book/show/826583.If_You_Take_a_Mouse_to_the_Movies
"Emily of New Moon (Emily, #1)",L.M. Montgomery,https://www.goodreads.com/book/show/3562.Emily_of_New_Moon
Murder in the Coven: Maya's Magical Adventures continue,Malcolm McCoard,https://www.goodreads.com/book/show/50281680-murder-in-the-coven
Black Beauty,John Davage,https://www.goodreads.com/book/show/4607690-black-beauty
"Howl’s Moving Castle (Howl’s Moving Castle, #1)",Diana Wynne Jones,https://www.goodreads.com/book/show/6294.Howl_s_Moving_Castle
"The 101 Dalmatians (The Hundred and One Dalmatians, #1)",Dodie Smith,https://www.goodreads.com/book/show/511614.The_101_Dalmatians
"The Silver Chair (Chronicles of Narnia, #4)",C.S. Lewis,https://www.goodreads.com/book/show/65641.The_Silver_Chair
Parts,Tedd Arnold,https://www.goodreads.com/book/show/1197646.Parts
They Came From The North,Malcolm McCoard,https://www.goodreads.com/book/show/54267027-they-came-from-the-north
Mischief and the Guardian Cats,Malcolm McCoard,https://www.goodreads.com/book/show/56177889-mischief-and-the-guardian-cats
"It's a Busy, Busy World",Richard Scarry,https://www.goodreads.com/book/show/1425766.It_s_a_Busy_Busy_World
The Very Quiet Cricket,Eric Carle,https://www.goodreads.com/book/show/125423.The_Very_Quiet_Cricket
The Berenstain Bears Get the Gimmies,Stan Berenstain,https://www.goodreads.com/book/show/1129297.The_Berenstain_Bears_Get_the_Gimmies
Maniac Magee,Jerry Spinelli,https://www.goodreads.com/book/show/139463.Maniac_Magee
The Hat,Jan Brett,https://www.goodreads.com/book/show/196951.The_Hat
The Adventures of Huckleberry Finn,Mark Twain,https://www.goodreads.com/book/show/2956.The_Adventures_of_Huckleberry_Finn
"A Swiftly Tilting Planet (Time Quintet, #3)",Madeleine L'Engle,https://www.goodreads.com/book/show/77276.A_Swiftly_Tilting_Planet
The Owl and the Pussycat,Edward Lear,https://www.goodreads.com/book/show/716946.The_Owl_and_the_Pussycat
Fetch,Adam Glendon Sidwell,https://www.goodreads.com/book/show/22022641-fetch
The Magic of Maxwell and His Tail,Maureen Stolar Kanefield,https://www.goodreads.com/book/show/22706552-the-magic-of-maxwell-and-his-tail
"Peter Nimble and His Fantastic Eyes (Peter Nimble, #1)",Jonathan Auxier,https://www.goodreads.com/book/show/10806008-peter-nimble-and-his-fantastic-eyes
"Blue Hat, Green Hat",Sandra Boynton,https://www.goodreads.com/book/show/252268.Blue_Hat_Green_Hat
The Empty Pot,Demi,https://www.goodreads.com/book/show/332575.The_Empty_Pot
It Looked Like Spilt Milk,Charles G. Shaw,https://www.goodreads.com/book/show/820274.It_Looked_Like_Spilt_Milk
Terry Treetop Finds New Friends (The Terry Treetop Series),Tali Carmi,https://www.goodreads.com/book/show/19332307-terry-treetop-finds-new-friends
Sector 7,David Wiesner,https://www.goodreads.com/book/show/29313.Sector_7
Snuggle Puppy!,Sandra Boynton,https://www.goodreads.com/book/show/117140.Snuggle_Puppy_
Where Is My Home?,Tali Carmi,https://www.goodreads.com/book/show/18914978-where-is-my-home
"Otherwise Known as Sheila the Great (Fudge, #2)",Judy Blume,https://www.goodreads.com/book/show/80670.Otherwise_Known_as_Sheila_the_Great
The Saggy Baggy Elephant,Kathryn Jackson,https://www.goodreads.com/book/show/825576.The_Saggy_Baggy_Elephant
On Beyond Zebra!,Dr. Seuss,https://www.goodreads.com/book/show/330.On_Beyond_Zebra_
"Catching Fire (The Hunger Games, #2)",Suzanne Collins,https://www.goodreads.com/book/show/6148028-catching-fire
The Complete Tales,Beatrix Potter,https://www.goodreads.com/book/show/19330.The_Complete_Tales
Terry Treetop and the Lost Egg,Tali Carmi,https://www.goodreads.com/book/show/20367560-terry-treetop-and-the-lost-egg
Tom's Midnight Garden,Philippa Pearce,https://www.goodreads.com/book/show/543086.Tom_s_Midnight_Garden
"The Tale of Two Bad Mice (World of Beatrix Potter, #5)",Beatrix Potter,https://www.goodreads.com/book/show/585747.The_Tale_of_Two_Bad_Mice
Scuffy the Tugboat,Gertrude Crampton,https://www.goodreads.com/book/show/579143.Scuffy_the_Tugboat
"On the Banks of Plum Creek (Little House, #4)",Laura Ingalls Wilder,https://www.goodreads.com/book/show/7882.On_the_Banks_of_Plum_Creek
SMILES FOR THE HOLIDAYS: Silly Seasonal Short Stories,Nancy O'Meara,https://www.goodreads.com/book/show/200724335-smiles-for-the-holidays
Belly Button Book,Sandra Boynton,https://www.goodreads.com/book/show/488883.Belly_Button_Book
"The Magic Faraway Tree (The Faraway Tree, #2)",Enid Blyton,https://www.goodreads.com/book/show/74998.The_Magic_Faraway_Tree
Whistle for Willie,Ezra Jack Keats,https://www.goodreads.com/book/show/1024465.Whistle_for_Willie
Elmer,David McKee,https://www.goodreads.com/book/show/1223119.Elmer
The Complete Grimm's Fairy Tales,Jacob Grimm,https://www.goodreads.com/book/show/22917.The_Complete_Grimm_s_Fairy_Tales
The Scrambled States of America,Laurie Keller,https://www.goodreads.com/book/show/199485.The_Scrambled_States_of_America
Where's Waldo?,Martin Handford,https://www.goodreads.com/book/show/344189.Where_s_Waldo_
Something from Nothing,Phoebe Gilman,https://www.goodreads.com/book/show/887573.Something_from_Nothing
The Twenty-One Balloons,William Pène du Bois,https://www.goodreads.com/book/show/837501.The_Twenty_One_Balloons
The Frog and Toad Treasury: Frog and Toad are Friends/Frog and Toad Together/Frog and Toad All Year  (Frog and Toad #1-3),Arnold Lobel,https://www.goodreads.com/book/show/94807.The_Frog_and_Toad_Treasury
"The Cat's Maw (The Shadowland Saga, #1)",Brooke Burgess,https://www.goodreads.com/book/show/23247631-the-cat-s-maw
"My First Animal Moves: A Children's Book to Encourage Kids and Their Parents to Move More, Sit Less and Decrease Screen Time",Darryl Edwards,https://www.goodreads.com/book/show/59034547-my-first-animal-moves
Karlsson on the Roof,Astrid Lindgren,https://www.goodreads.com/book/show/42318.Karlsson_on_the_Roof
The Railway Children,E. Nesbit,https://www.goodreads.com/book/show/164531.The_Railway_Children
The View from Saturday,E.L. Konigsburg,https://www.goodreads.com/book/show/4538.The_View_from_Saturday
"The Rise of Agnil (Agnil's Worlds, #1)",Susan Navas,https://www.goodreads.com/book/show/20319127-the-rise-of-agnil
Old Possum's Book of Practical Cats,T.S. Eliot,https://www.goodreads.com/book/show/402128.Old_Possum_s_Book_of_Practical_Cats
Possum Magic,Mem Fox,https://www.goodreads.com/book/show/977817.Possum_Magic
Outside Over There,Maurice Sendak,https://www.goodreads.com/book/show/120711.Outside_Over_There
Millions of Cats,Wanda Gág,https://www.goodreads.com/book/show/621739.Millions_of_Cats
"The Jungle Book (Jungle Book, #1)",Rudyard Kipling,https://www.goodreads.com/book/show/77270.The_Jungle_Book
Ox-Cart Man,Donald Hall,https://www.goodreads.com/book/show/608601.Ox_Cart_Man
The Princess and the Goblin,George MacDonald,https://www.goodreads.com/book/show/444381.The_Princess_and_the_Goblin
The Berenstain Bears Learn About Strangers,Stan Berenstain,https://www.goodreads.com/book/show/764436.The_Berenstain_Bears_Learn_About_Strangers
The Help,Kathryn Stockett,https://www.goodreads.com/book/show/4667024-the-help
"The Wonderful Flight to the Mushroom Planet (The Mushroom Planet, #1)",Eleanor Cameron,https://www.goodreads.com/book/show/527747.The_Wonderful_Flight_to_the_Mushroom_Planet
"Goodnight, Goodnight, Construction Site",Sherri Duskey Rinker,https://www.goodreads.com/book/show/9676990-goodnight-goodnight-construction-site
"Dear Mr. Henshaw (Leigh Botts, #1)",Beverly Cleary,https://www.goodreads.com/book/show/105999.Dear_Mr_Henshaw
"Julie of the Wolves (Julie of the Wolves, #1)",Jean Craighead George,https://www.goodreads.com/book/show/386286.Julie_of_the_Wolves
Jane Eyre,Charlotte Brontë,https://www.goodreads.com/book/show/10210.Jane_Eyre
Big Dog...Little Dog: A Bedtime Story,P.D. Eastman,https://www.goodreads.com/book/show/263645.Big_Dog_Little_Dog
"Love That Dog (Jack, #1)",Sharon Creech,https://www.goodreads.com/book/show/53498.Love_That_Dog
Moses the Kitten,James Herriot,https://www.goodreads.com/book/show/630719.Moses_the_Kitten
"The Black Stallion (The Black Stallion, #1)",Walter Farley,https://www.goodreads.com/book/show/272895.The_Black_Stallion
